CATID,z_spec,Mstar,M_r,r_e,SIGMA_RE,SIGMA_RE_ERR,LAMBDAR_RE_MGE,LAMBDAR_RE_MGE_ERR,TYPE,WARNSKER,WARNZ,ISBEST,epsMGE_Re
7289,0.0868199989,11.1199998856,-22.3700008392,4.9600000381,205.1452789307,1.8772923946,0.0559643097,0.0069313175,0.5,0,0,1,0.2121241838
7839,0.0474900007,11.0500001907,-22.1000003815,6.9499998093,195.7611236572,1.6140422821,0.3017122447,0.0045705456,0.5,0,0,1,0.2101082355
7969,0.0855399966,11.0200004578,-22.1200008392,5.1700000763,249.7976531982,2.4518451691,0.044866167,0.00666484,0.5,0,0,1,0.0979065374
8488,0.0199599992,9.5100002289,-18.3600006104,1.4199999571,74.4508056641,1.0931452513,,,0.0,0,0,1,0.0454293489
8865,0.0731400028,10.6599998474,-21.1599998474,2.5,214.6797637939,2.8171825409,,,0.0,0,0,1,0.0418064147
15481,0.0540699996,11.0799999237,-22.2299995422,5.6300001144,225.8518218994,2.2824518681,0.0591997541,0.0050658016,0.0,0,0,1,0.0349203013
16022,0.053679999,10.4099998474,-20.6499996185,2.1900000572,119.5870056152,1.154838562,0.0365379266,0.0103914486,0.5,0,0,1,0.0392235294
16526,0.0562399998,10.2600002289,-20.3700008392,2.2400000095,98.5265655518,1.980157733,0.1961243451,0.0182138402,0.0,0,0,1,0.0
22582,0.0778099969,11.0600004196,-22.2600002289,3.7300000191,222.052947998,1.751277566,0.1261198521,0.006010741,0.5,0,0,1,0.1697944552
23082,0.0785500035,11.0799999237,-22.2099990845,3.0499999523,253.0085601807,1.7546430826,0.0519312508,0.0055942195,0.0,0,0,1,0.0650114566
23265,0.0779799968,11.0,-22.0200004578,3.0199999809,182.956237793,2.5833027363,0.1497017294,0.009281639,0.0,0,0,1,0.0991621464
23341,0.0783300027,11.0100002289,-22.0200004578,3.3599998951,257.7335510254,2.1715445518,0.2119548321,0.0074470248,0.0,0,0,1,0.1278461814
30469,0.0763999969,11.1599998474,-22.4099998474,4.6999998093,235.7994384766,1.9728507996,0.1250542551,0.0056514274,0.5,0,0,1,0.1887453943
30615,0.0786599964,11.1300001144,-22.2600002289,4.5399999619,285.8886108398,2.6571280956,0.1772489846,0.0069348831,0.5,0,0,1,0.1092993468
30847,0.1067399979,11.4399995804,-23.1100006104,4.0100002289,251.1029663086,2.2748298645,0.2295132279,0.0061212904,0.5,0,0,1,0.214426294
31623,0.0924699977,11.3100004196,-22.7700004578,5.6199998856,268.3883666992,2.0308909416,0.0894070044,0.0048197629,0.5,0,0,1,0.1696380824
32196,0.0759499967,11.279999733,-22.75,5.7600002289,172.5654754639,1.5652979612,0.0635137782,0.0059757661,0.0,0,0,1,0.0789629519
40445,0.0828899965,11.2899999619,-22.6100006104,6.4800000191,196.5525817871,2.326895237,0.0897693485,0.0073128114,0.0,0,0,1,0.1450311393
40491,0.077229999,10.4600000381,-20.8799991608,2.75,122.2786865234,1.864597559,0.2970451713,0.0129228234,0.5,0,0,1,0.1210211441
41059,0.0707900003,11.3199996948,-22.8099994659,5.3600001335,262.3698730469,1.9752497673,0.060755007,0.0047833789,0.0,0,0,1,0.0809521079
41180,0.0844400004,10.470000267,-20.8400001526,1.8099999428,152.4698944092,2.6819348335,,,0.0,0,0,1,0.0343796425
41274,0.0727600008,10.5799999237,-21.1299991608,2.2699999809,118.1923751831,1.5283350945,0.1263854355,0.0108541287,0.5,0,0,1,0.078319639
47152,0.0825999975,11.0600004196,-22.2000007629,3.8900001049,196.8641815186,2.0083796978,0.0467696413,0.0089156963,0.0,0,0,1,0.1257182807
47254,0.0547300018,11.029999733,-22.1200008392,3.75,195.2866973877,1.2542456388,0.2543804944,0.0045937621,0.0,0,0,1,0.0806421041
48470,0.0795599967,11.0100002289,-22.2299995422,3.5299999714,160.6139221191,1.6742634773,0.1623386592,0.0083241928,0.0,0,0,1,0.0992362872
48548,0.0828099996,11.0500001907,-22.1900005341,3.9100000858,191.3053131104,2.3674359322,0.1611727625,0.0095519172,0.5,0,0,1,0.2497977018
54202,0.0471699983,10.5799999237,-21.0200004578,3.0399999619,177.3406219482,1.4870948792,0.1723549664,0.007221228,0.0,0,0,1,0.1182197779
54270,0.0834399983,11.279999733,-22.7099990845,4.8699998856,264.9578552246,2.4710099697,0.1052356064,0.0065349089,0.0,0,0,1,0.0630395785
54500,0.0807299986,10.9300003052,-21.8700008392,6.6700000763,191.5647277832,3.4076478481,0.0619627386,0.0097265942,0.5,0,0,1,0.1026664227
54921,0.093659997,10.9899997711,-22.0599994659,3.2999999523,165.0886688232,2.379178524,0.3067987263,0.0109634148,0.0,0,0,1,0.0715631247
56181,0.050590001,10.3199996948,-20.7399997711,1.8600000143,88.3695755005,1.8577718735,,,0.0,0,0,1,0.1293937862
62239,0.0531499982,10.8900003433,-21.9099998474,7.5300002098,125.1343460083,1.4166104794,0.3023407459,0.0065486594,0.0,0,0,1,0.076590769
62244,0.0532899983,10.1499996185,-19.9599990845,1.1100000143,166.5318145752,2.4634208679,,,0.0,0,0,1,0.167514652
65408,0.0434099995,10.9200000763,-21.9500007629,5.2899999619,182.3932037354,1.1168879271,0.1039054766,0.0045191217,0.0,0,0,1,0.1216115355
65410,0.0435900018,10.0500001907,-20.0699996948,2.1700000763,88.8696670532,1.5993541479,0.0696147531,0.0150905894,0.5,0,0,1,0.2131639272
70022,0.0598899983,10.9399995804,-21.7900009155,4.0900001526,217.7155151367,1.8447426558,0.1083418205,0.0076419474,0.5,0,0,1,0.0331088863
70640,0.0797699988,10.9099998474,-21.7800006866,5.6300001144,195.3615722656,2.6263666153,0.1357939541,0.0108377393,0.5,0,0,1,0.0982054174
70670,0.0819600001,11.2100000381,-22.4699993134,5.5900001526,229.8682250977,2.6530253887,0.0539111309,0.0065324185,0.0,0,0,1,0.0735490844
70802,0.0609400012,11.1000003815,-22.3299999237,3.4900000095,251.5208892822,1.6718456745,0.0630245656,0.0039851423,0.0,0,0,1,0.1314506531
70808,0.04067,10.0799999237,-19.8600006104,2.5999999046,88.6407165527,1.340632081,0.0661574453,0.0115859574,0.0,0,0,1,0.0684942678
71178,0.0746499971,11.0,-22.1100006104,4.4600000381,179.9675292969,2.1208295822,0.1665078849,0.0087136552,0.5,0,0,1,0.1412094533
78530,0.0562699996,10.8599996567,-21.8400001526,3.7799999714,173.9488830566,1.6957587004,0.2502432764,0.0066063488,0.5,0,0,1,0.1733872294
79733,0.0231899992,10.2299995422,-20.3199996948,4.8600001335,76.8936538696,0.749391675,0.1626447737,0.0062446371,0.5,0,0,1,0.2670963109
79750,0.0997200012,10.9799995422,-22.2199993134,3.4000000954,176.9741516113,1.881750226,0.0515270047,0.0093253413,0.0,0,0,1,0.1790769398
79866,0.0439300016,10.6400003433,-21.1599998474,3.4300000668,171.947845459,1.2238675356,0.1453121006,0.0063533913,0.0,0,0,1,0.2711978555
84106,0.0279399995,9.9300003052,-19.4200000763,2.6800000668,125.119178772,0.8876862526,0.3113394678,0.0056287558,0.5,0,0,1,0.0268110447
84209,0.1039799973,11.0600004196,-22.2099990845,3.0599999428,190.6849822998,1.9225414991,0.2186134011,0.0093584955,0.0,0,0,1,0.0616645031
84734,0.0763899982,11.0699996948,-22.3199996948,5.8699998856,207.7765350342,2.0322220325,0.1926791966,0.0065680407,0.5,0,0,1,0.0877274647
85205,0.0493699983,10.2100000381,-20.1800003052,2.4000000954,122.3124237061,1.8120293617,0.0827836841,0.0143804811,0.0,0,0,1,0.0168579575
85559,0.0785700008,10.6499996185,-21.4400005341,3.75,157.58253479,2.0380980968,0.1020158157,0.0108338585,0.0,0,0,1,0.0746225342
85667,0.0746999979,11.0,-22.25,3.3499999046,178.6609802246,1.4250692129,0.0411173403,0.0063979202,0.0,0,0,1,0.0573519617
91545,0.0529399998,10.470000267,-20.7299995422,1.9900000095,170.1806640625,1.7286655903,,,0.0,0,0,1,0.0148153109
91568,0.0266299993,9.9499998093,-19.5900001526,1.3899999857,156.2806854248,1.2860182524,,,0.5,0,0,1,0.1066050157
91689,0.0543499999,10.2100000381,-20.2299995422,1.8899999857,160.9820861816,1.8988417387,,,0.0,0,0,1,0.0034693999
91691,0.0547499992,10.5100002289,-20.75,3.6800000668,116.9711685181,2.4017167091,0.2717644274,0.0151451444,0.5,0,0,1,0.1578468382
91697,0.0537699983,10.6400003433,-21.3700008392,3.4900000095,133.4397888184,1.1497620344,0.2961852252,0.0060905591,0.5,0,0,1,0.1742946506
91963,0.0499899983,11.0399999619,-22.2600002289,7.3600001335,185.7447509766,1.7154676914,0.4348695874,0.0048364145,0.0,0,0,1,0.2289110869
91988,0.0521200001,11.1400003433,-22.4300003052,6.2699999809,300.4580078125,2.7953467369,0.0686183944,0.0053659384,0.5,0,0,1,0.2565362751
92773,0.0542800017,10.8500003815,-21.75,3.5899999142,174.5278625488,1.4031779766,0.169043541,0.0084771644,0.0,0,0,1,0.0284252502
93803,0.039859999,10.9399995804,-22.1000003815,4.6100001335,157.4171295166,0.9399947524,0.0670743436,0.0040523955,0.0,0,0,1,0.1870209128
97915,0.0752200037,10.9300003052,-21.7700004578,4.0999999046,213.6005096436,2.3699054718,0.0855119899,0.0088720946,0.5,0,0,1,0.0010182781
98880,0.0852599964,11.1999998093,-22.6299991608,4.7699999809,224.2881317139,1.5080982447,0.0911632851,0.0052000219,0.0,0,0,1,0.1783681065
106549,0.0318600014,10.2700004578,-20.9799995422,3.1400001049,72.6503601074,0.8689262867,0.2083623111,0.0063876184,0.5,0,0,1,0.0240285918
136605,0.1036100015,11.0200004578,-22.0799999237,1.8600000143,237.0084686279,2.6172664165,0.0747165456,0.0096667986,0.0,0,0,1,0.1279202104
136842,0.02709,10.8000001907,-21.5900001526,6.0799999237,173.2145996094,1.0790640116,0.1148217693,0.0034133357,0.0,0,0,1,0.1609016955
136871,0.0263800006,9.7299995422,-19.0,1.8700000048,91.2634887695,1.6830699444,,,0.5,0,0,1,0.2761091292
137037,0.0923099965,11.2399997711,-22.6200008392,4.8099999428,290.6467285156,2.649695158,0.0676084384,0.0068657873,0.5,0,0,1,0.1771400124
143291,0.044879999,10.1700000763,-20.25,3.9600000381,126.8328781128,1.5067801476,0.0540736206,0.0109272832,0.0,0,0,1,0.0990827978
143735,0.0811500028,10.9499998093,-22.0400009155,2.7300000191,157.1748352051,1.4614800215,0.3070408404,0.0083414428,0.5,0,0,1,0.1283863336
177969,0.0759000033,11.029999733,-22.0799999237,4.0100002289,234.8963775635,1.9847044945,0.0458614193,0.0069066836,0.0,0,0,1,0.1547985077
184648,0.0187500007,10.6000003815,-21.0499992371,5.6399998665,160.2250671387,0.6616131067,0.2547312677,0.0023558508,0.0,0,0,1,0.1922222227
185365,0.0522399992,10.3900003433,-20.75,1.7899999619,100.2736587524,1.1340759993,0.2106813043,0.0086962739,0.5,0,0,1,0.1422869265
185567,0.0823699981,10.8999996185,-21.8600006104,3.5799999237,216.8021087646,1.6712480783,0.1196433678,0.0074401652,0.5,0,0,1,0.2323411554
185914,0.1113099977,11.1599998474,-22.5900001526,4.9600000381,197.6908111572,2.9616360664,0.3706697822,0.009451773,0.5,0,0,1,0.0953152329
202480,0.0520199984,10.5600004196,-21.0300006866,4.2399997711,194.5334625244,1.7761093378,0.1756028682,0.0086535839,0.5,0,0,1,0.1808562577
203833,0.0529000014,10.8999996185,-21.7600002289,3.5499999523,207.1190032959,1.4741863012,0.0750362501,0.0048302654,0.0,0,0,1,0.0969034955
204832,0.0552299991,10.0699996948,-20.0499992371,2.75,63.4116210938,1.8061139584,0.1352897733,0.0266598091,0.0,0,0,1,0.0534921512
204877,0.0541200005,10.2100000381,-20.3099994659,3.6099998951,78.1860656738,2.1136972904,0.085724026,0.022822205,0.0,0,0,1,0.0467625037
205211,0.0536100008,10.4300003052,-20.7800006866,3.75,130.8561096191,2.0238993168,0.101360105,0.0156022888,0.5,0,0,1,0.1381824762
208652,0.0498199984,11.0,-21.9300003052,5.25,153.841796875,1.2841156721,0.1272456646,0.0072939005,0.0,0,0,1,0.0198295452
209185,0.0515800007,10.7299995422,-21.4799995422,5.6399998665,176.7521820068,1.7256429195,0.370967567,0.0069520371,0.5,0,0,1,0.2566695213
209680,0.0529499985,11.1099996567,-22.1399993896,7.6700000763,199.6439666748,2.5319697857,0.0813595504,0.0070623676,0.0,0,0,1,0.1379656047
210467,0.0925600007,10.6300001144,-21.1299991608,1.9800000191,177.3372802734,2.792072773,,,0.0,0,0,1,0.0968394652
214211,0.0776500031,10.8999996185,-21.8899993896,3.5199999809,144.8746795654,1.5425710678,0.0547390059,0.0076652188,0.5,0,0,1,0.0258059856
215289,0.0576100014,10.8100004196,-21.6399993896,3.0499999523,179.2808990479,1.6384973526,0.138594985,0.0077938782,0.0,0,0,1,0.101578027
216184,0.0187899992,10.5100002289,-20.7999992371,5.2399997711,151.0646514893,0.826607883,0.2559609711,0.0029085476,0.0,0,0,1,0.0753334165
220112,0.0196800008,10.1199998856,-20.0699996948,4.5700001717,79.852355957,0.8813069463,0.245174855,0.0062539987,0.0,0,0,1,0.0288363788
220218,0.0477200001,10.5,-20.9799995422,5.2600002289,122.5845031738,1.8023433685,0.1058408096,0.0100978781,0.0,0,0,1,0.0131145688
220437,0.0783800036,11.0900001526,-22.2600002289,4.9800000191,205.0075073242,2.0989634991,0.1365324259,0.0067203604,0.0,0,0,1,0.0307955686
220465,0.0844599977,11.3100004196,-22.8700008392,5.8499999046,240.8326568604,1.8840312958,0.1787060648,0.0049984851,0.5,0,0,1,0.2614684105
227617,0.0542600006,10.5200004578,-20.9400005341,4.9699997902,120.0613327026,3.4975457191,0.1788103729,0.0201225672,0.0,0,0,1,0.1356799155
228708,0.0939899981,10.9899997711,-22.1100006104,3.1400001049,154.7885742188,2.0774142742,0.0834241062,0.0096654119,0.0,0,0,1,0.1258880049
229164,0.0495200008,10.5699996948,-21.1900005341,4.0799999237,104.5451660156,0.9804571867,0.1804668754,0.0062614824,0.5,0,0,1,0.0285669323
230455,0.0775600001,11.0500001907,-22.0699996948,7.0999999046,205.0623626709,3.4321165085,0.1275102794,0.0107471505,0.5,0,0,1,0.2985247374
230556,0.0776000023,10.970000267,-21.8799991608,5.3000001907,171.7343444824,3.4475588799,0.1167634428,0.0130571937,0.0,0,0,1,0.0476808287
230683,0.0205400009,9.9399995804,-19.5200004578,4.5700001717,64.0247955322,0.9119397402,0.0741955414,0.0080751143,0.0,0,0,1,0.0192808248
230786,0.0191900004,9.9300003052,-19.2700004578,2.3699998856,125.2005462646,1.0426608324,0.1135123745,0.0069218758,0.0,0,0,1,0.1455733776
230787,0.0208299998,9.3400001526,-18.1900005341,2.3299999237,64.4897994995,1.8492394686,0.1271100789,0.0234329402,0.0,0,0,1,0.1658255756
230789,0.0210999995,9.5200004578,-18.3799991608,1.1100000143,87.3446044922,1.4431887865,,,0.5,0,0,1,0.0045782323
230797,0.0196599998,8.9399995804,-17.0300006866,0.9499999881,51.0030899048,3.0124316216,,,0.0,0,0,1,0.0035414458
238325,0.0540600009,10.1800003052,-20.2299995422,3.6800000668,97.518989563,1.5672694445,0.4001043737,0.0127347987,0.5,0,0,1,0.198501572
238453,0.0545799993,10.6899995804,-21.3199996948,3.2899999619,148.139755249,1.6974111795,0.1251234412,0.010182024,0.5,0,0,1,0.1045305878
238922,0.0261799991,10.7399997711,-21.5200004578,6.3299999237,185.2448425293,1.3810325861,0.2993590832,0.0030335654,0.0,0,0,1,0.1241223887
250183,0.0588399991,10.2299995422,-20.2399997711,0.8500000238,155.241027832,3.5771024227,,,0.5,0,0,1,0.0104466341
250243,0.0544699989,10.0699996948,-19.9300003052,2.3099999428,84.6705551147,1.5611205101,0.1469250023,0.0163958948,0.0,0,0,1,0.0888965353
252057,0.0327100009,9.9099998474,-19.5400009155,2.4800000191,91.9889755249,0.9913923144,0.121716857,0.0105276117,0.5,0,0,1,0.0783353522
271538,0.0763399974,10.970000267,-22.0100002289,3.3800001144,183.9808807373,1.6784745455,0.0362000465,0.0079287449,0.5,0,0,1,0.1622079313
272190,0.0809400007,10.9600000381,-22.1299991608,3.7000000477,187.20652771,1.7855162621,0.0840037763,0.0072219195,0.0,0,0,1,0.0540491305
272488,0.048489999,10.3299999237,-20.5,2.0099999905,130.536529541,1.1725159883,0.1894813031,0.0091630621,0.5,0,0,1,0.1013976857
272820,0.0831499994,10.8199996948,-21.6100006104,3.1099998951,167.4475250244,1.685513854,0.1008213907,0.0093433429,0.0,0,0,1,0.0160228014
272831,0.0835200027,11.1700000763,-22.4899997711,3.75,254.3803405762,2.4078330994,0.065093413,0.0073985881,0.5,0,0,1,0.1234564707
272833,0.082510002,10.9200000763,-21.8500003815,4.4400000572,161.5993804932,2.6333582401,0.1151017696,0.0130710499,0.5,0,0,1,0.2585288286
272990,0.0411799997,10.5900001526,-21.2999992371,4.1599998474,137.3477172852,1.0435926914,0.2191384435,0.005724147,0.5,0,0,1,0.179410845
273845,0.0787200034,11.2399997711,-22.6200008392,5.7300000191,289.1235961914,2.5589177608,0.0593792535,0.0062874281,0.0,0,0,1,0.0229353383
278840,0.0417100005,10.4099998474,-20.9699993134,3.1500000954,101.7220153809,1.2674709558,0.2845690846,0.0078275977,0.5,0,0,1,0.1797473282
279878,0.0873399973,11.2600002289,-22.7000007629,4.3899998665,232.7110443115,1.8499159813,0.0860500708,0.0068647484,0.0,0,0,1,0.0880986229
279905,0.0176800005,10.4300003052,-20.6100006104,6.1500000954,170.5892181396,1.2037539482,0.4235181212,0.0027884333,0.5,0,0,1,0.2694029808
279910,0.0868500024,11.0100002289,-22.2199993134,2.8800001144,219.487701416,1.7947191,0.0438717194,0.0067192204,0.5,0,0,1,0.1380383968
288803,0.0485199988,10.6599998474,-21.2700004578,4.1999998093,176.933883667,1.5295032263,0.0915493146,0.0063412017,0.0,0,0,1,0.0699982569
289168,0.0195400007,9.1000003815,-17.6200008392,2.8099999428,56.0819854736,2.7544016838,,,0.5,0,0,1,0.2240979224
298590,0.0336700007,10.5500001907,-20.9099998474,5.0199999809,136.9418029785,1.0237648487,0.1520692706,0.0050976141,0.0,0,0,1,0.1861368418
300406,0.0508500002,10.9200000763,-21.8999996185,6.25,204.0933227539,1.7442913055,0.0805101171,0.0056282342,0.5,0,0,1,0.1504602283
300411,0.0510899983,10.8100004196,-21.6499996185,3.2000000477,158.7863922119,1.4498624802,0.0485069044,0.0070343027,0.0,0,0,1,0.1665544063
300691,0.0455799997,10.3500003815,-20.5,2.3399999142,119.937210083,1.5843026638,0.0957131535,0.0120640378,0.0,0,0,1,0.1149699613
301519,0.1072600037,10.9499998093,-22.0799999237,2.7300000191,218.0870361328,2.7552564144,0.0583964251,0.0111932438,0.0,0,0,1,0.0857244879
301937,0.0934799984,11.0399999619,-22.4200000763,4.9299998283,162.6878356934,1.9354324341,0.062174812,0.0075757303,0.5,0,0,1,0.1689085364
319070,0.0388399996,10.6800003052,-21.4099998474,3.0599999428,194.4174041748,1.4645168781,0.2688521743,0.0059470781,0.5,0,0,1,0.2203579992
319196,0.0531300008,10.1700000763,-20.3799991608,2.1099998951,95.6409912109,1.2882628441,0.2595013976,0.0115974173,0.5,0,0,1,0.0799775869
319293,0.0542600006,10.2899999619,-20.3899993896,3.1700000763,94.1956710815,2.5333666801,0.1721234918,0.0269997343,0.5,0,0,1,0.0660116673
319395,0.0541599989,10.7100000381,-21.4799995422,5.1500000954,105.1956863403,1.6892342567,0.1533300728,0.0116157401,0.5,0,0,1,0.1693077236
321146,0.0338100009,9.6999998093,-19.2000007629,2.5599999428,74.8014068604,1.6027810574,0.0529087335,0.018478008,0.5,0,0,1,0.1528164595
323566,0.0425000004,10.0100002289,-19.7199993134,1.4099999666,103.1668624878,1.4020617008,,,0.0,0,0,1,0.1165213957
323593,0.0688700005,11.1300001144,-22.4099998474,4.6999998093,251.0341339111,1.997232914,0.2516063154,0.0060134763,0.5,0,0,1,0.2190482169
325467,0.0852200016,10.9799995422,-22.0599994659,3.7000000477,214.3632354736,1.9383066893,0.1668189168,0.0081862668,0.5,0,0,1,0.193819344
345758,0.0768100023,11.1999998093,-22.5,4.1900000572,248.3053741455,2.1768074036,0.0546797253,0.0068205637,0.0,0,0,1,0.1029725522
345767,0.077820003,11.0399999619,-22.2399997711,5.1100001335,251.0961914062,2.7212991714,0.0956797525,0.008894694,0.5,0,0,1,0.1517439932
345848,0.075319998,10.9399995804,-21.7999992371,3.3399999142,173.3033294678,2.130685091,0.1445148438,0.011508679,0.0,0,0,1,0.0514309928
346623,0.0709400028,10.5399999619,-20.9699993134,1.7000000477,172.2122802734,2.6311171055,0.1835891157,0.0140990969,0.5,0,0,1,0.0842851251
346837,0.0578599982,10.1300001144,-20.0200004578,1.1399999857,90.0844345093,1.967451334,,,0.0,0,0,1,0.0
346887,0.0569700003,10.5500001907,-21.1200008392,2.1300001144,123.2977600098,1.2047331333,0.0926884711,0.0104709463,0.5,0,0,1,0.0039413576
347471,0.0550399981,10.8699998856,-21.7800006866,3.4300000668,196.6092529297,1.2361603975,0.2037627846,0.0053294506,0.5,0,0,1,0.1555974931
370997,0.0853800029,10.8999996185,-22.0,4.75,154.051574707,2.2586882114,0.5672919154,0.0130603565,0.5,0,0,1,0.2678768039
371171,0.0399000011,10.1499996185,-20.3899993896,1.5199999809,95.2781906128,1.0886484385,,,0.0,0,0,1,0.1369076967
371172,0.0771400034,11.1599998474,-22.4400005341,4.0100002289,258.7940368652,1.9031916857,0.1028689817,0.0055281445,0.0,0,0,1,0.2296778262
372123,0.0711899996,11.4300003052,-22.8999996185,7.0599999428,268.2697143555,2.74776721,0.1026693135,0.005679749,0.0,0,0,1,0.0182252843
372133,0.0710899979,10.5900001526,-21.0200004578,1.5199999809,193.2742919922,2.3248074055,,,0.5,0,0,1,0.0389839597
372452,0.0526399985,10.6499996185,-21.2199993134,3.9300000668,133.6696166992,1.3241631985,0.0970597714,0.0069338647,0.5,0,0,1,0.2600228786
373163,0.0875900015,10.8199996948,-21.6399993896,4.3000001907,186.3572387695,2.7696197033,0.0632277951,0.0124734072,0.0,0,0,1,0.0508439355
373168,0.0877899975,11.1999998093,-22.5100002289,4.6500000954,241.517364502,2.4538094997,0.0725609586,0.007306281,0.0,0,0,1,0.1198583618
375560,0.0498499982,11.1099996567,-22.3400001526,6.1399998665,215.5954437256,1.27772367,0.3103102744,0.0045124418,0.5,0,0,1,0.2337403297
375615,0.0779099986,10.6999998093,-21.75,2.4400000572,109.1832351685,1.4704447985,0.2201812267,0.0109549267,0.5,0,0,1,0.1698930115
376703,0.0520399995,10.7399997711,-21.3500003815,3.2200000286,193.7250061035,1.580783844,0.0541688465,0.007275953,0.0,0,0,1,0.1017153785
377710,0.0553099997,10.029999733,-19.8400001526,1.25,112.2675857544,2.4619483948,,,0.5,0,0,1,0.1159766018
380734,0.0724299997,10.9600000381,-21.9699993134,3.2300000191,193.0433349609,2.4478387833,0.0689809024,0.0092781782,0.0,0,0,1,0.0438424908
381219,0.0497400016,10.3199996948,-20.4799995422,3.75,135.9769897461,1.7154656649,0.2443490624,0.0109244827,0.5,0,0,1,0.2608589828
381229,0.0499899983,10.4899997711,-20.8999996185,4.3000001907,151.8538970947,1.6839256287,0.1101416871,0.0097533641,0.0,0,0,1,0.1617276073
382154,0.0568500012,10.8000001907,-21.5,3.0199999809,191.5354156494,1.8053430319,0.0699646845,0.0077128466,0.0,0,0,1,0.1656497568
382505,0.0560699999,10.6300001144,-21.2299995422,2.7000000477,121.970664978,1.2297224998,0.2247124165,0.0086705508,0.0,0,0,1,0.0184248202
382563,0.0239599999,9.8500003815,-19.6000003815,2.0799999237,77.5963516235,0.7082535625,0.0783308595,0.008625119,0.5,0,0,1,0.0195725355
386673,0.0582400002,11.0600004196,-22.2399997711,4.3899998665,247.0635681152,2.2538454533,0.3191954494,0.0063890861,0.5,0,0,1,0.3064243793
386722,0.0513999984,10.2899999619,-20.6000003815,2.3699998856,103.9219055176,2.2441534996,0.1189914793,0.0202522501,0.5,0,0,1,0.2159644961
387553,0.0514199995,10.8400001526,-21.6299991608,3.7000000477,214.7199554443,1.5351004601,0.1767043322,0.0067650829,0.5,0,0,1,0.0818739682
388513,0.0840599984,10.9300003052,-21.9300003052,3.0799999237,175.7896575928,1.4678705931,0.2266386598,0.0076646679,0.5,0,0,1,0.1076208279
417440,0.0506200008,11.2100000381,-22.4899997711,4.5100002289,205.229019165,1.3206880093,0.1376648098,0.0039837561,0.0,0,0,1,0.0635173768
417486,0.0500399992,10.0900001526,-19.8099994659,2.8699998856,63.1101760864,2.084846735,0.151553914,0.0241550226,0.5,0,0,1,0.0482657887
417580,0.0395999998,9.9300003052,-19.5400009155,3.0699999332,76.3239440918,1.7916982174,0.3121892512,0.0184735078,0.5,0,0,1,0.0769385695
422389,0.0508400016,10.4300003052,-20.6599998474,3.1099998951,95.6476211548,1.2326641083,0.1958127618,0.0107308114,0.0,0,0,1,0.0780997723
422406,0.0505199991,10.0500001907,-20.0300006866,1.2000000477,83.2005004883,1.5729342699,,,0.0,0,0,1,0.1804690361
463148,0.0537099987,10.0200004578,-20.2900009155,2.4500000477,74.5339355469,2.7676224709,0.2575197816,0.0290806275,0.5,0,0,1,0.038775336
485883,0.0549100004,10.5399999619,-21.0400009155,3.4400000572,185.9225311279,1.5705362558,0.0992118195,0.0098669492,0.5,0,0,1,0.2022932917
485921,0.0552500002,10.4799995422,-20.9899997711,2.1400001049,119.6625213623,1.4144316912,,,0.0,0,0,1,0.0847650096
492411,0.0556299984,10.6999998093,-21.3700008392,1.8799999952,123.9730758667,1.0368945599,0.1044783667,0.008923104,0.0,0,0,1,0.1003549024
492486,0.0554100014,10.1199998856,-19.9500007629,1.1000000238,160.1258087158,2.3760962486,,,0.0,0,0,1,0.1667063832
492690,0.0302200001,10.2299995422,-20.4400005341,2.0199999809,125.1198959351,0.9040212035,0.0871701166,0.0056761676,0.5,0,0,1,0.1331500113
492941,0.0557399988,10.3500003815,-20.6000003815,3.4500000477,120.1988830566,2.1590371132,0.1834122688,0.0138325607,0.0,0,0,1,0.0845093057
493028,0.0503100008,10.720000267,-21.5,5.3699998856,133.3571929932,1.3106126785,0.1502999365,0.0067085456,0.5,0,0,1,0.165256232
497035,0.0768399984,11.1999998093,-22.5499992371,4.4299998283,226.3887023926,1.4574811459,0.4465206265,0.0049743019,0.5,0,0,1,0.2880368829
504879,0.05418,10.4300003052,-20.8600006104,1.8099999428,127.6147232056,1.1364260912,0.1366301626,0.0070197028,0.5,0,0,1,0.0954119861
505765,0.0804499984,10.9099998474,-21.9599990845,2.0499999523,183.4499511719,1.5395791531,0.2626455426,0.0068855383,0.0,0,0,1,0.0471843183
507721,0.0772200003,11.3900003433,-23.0699996948,5.0399999619,196.9945831299,1.615884304,0.1430472136,0.0048256237,0.0,0,0,1,0.0173621867
508180,0.0555399992,11.0600004196,-22.2099990845,5.4200000763,210.2044830322,1.6458117962,0.2020373046,0.0061544208,0.5,0,0,1,0.3207145631
508268,0.0548399985,10.25,-20.5400009155,7.5799999237,111.2029647827,3.537681818,0.1304197311,0.0172638614,0.5,0,0,1,0.2424382269
508593,0.0564699993,10.5799999237,-21.1900005341,4.0900001526,135.4603424072,1.8523445129,0.1309427768,0.011033006,0.5,0,0,1,0.1136029214
508632,0.0567199998,10.5600004196,-21.2099990845,4.4099998474,80.5314025879,1.074332118,0.1838780493,0.0090221027,0.5,0,0,1,0.0924777389
508751,0.0522699989,10.2299995422,-20.3500003815,1.4299999475,109.6375808716,1.7946584225,,,0.5,0,0,1,0.1146023571
509075,0.0504099987,10.5200004578,-20.9500007629,4.1900000572,131.7769317627,1.4296042919,0.1889995486,0.0086312117,0.0,0,0,1,0.1107479557
517205,0.0765099972,11.2399997711,-22.6399993896,6.7600002289,244.9363708496,2.7031414509,0.0737018958,0.0067395968,0.0,0,0,1,0.1758478433
517278,0.0281300005,11.0600004196,-22.0300006866,5.3099999428,247.6589050293,1.1225458384,0.3182860017,0.0028302798,0.5,0,0,1,0.3519613743
518829,0.0384300016,9.9300003052,-19.5599994659,1.8799999952,99.4152832031,1.2936141491,,,0.5,0,0,1,0.1405465156
519141,0.0859099999,10.9200000763,-22.0499992371,2.7899999619,162.7945556641,1.3534559011,0.1521656364,0.0078983093,0.5,0,0,1,0.1065774336
521823,0.0783400014,10.9399995804,-21.8899993896,3.2100000381,163.5314178467,2.1315164566,0.0803201646,0.0117953448,0.0,0,0,1,0.0535074137
536454,0.0598899983,11.0799999237,-22.3199996948,6.6900000572,249.1312561035,2.4169406891,0.0918704718,0.0046126484,0.0,0,0,1,0.14045614
536963,0.0829299986,10.9200000763,-21.7800006866,2.5699999332,220.2948150635,1.984672904,0.261099726,0.0083465204,0.5,0,0,1,0.1665045619
543489,0.0531199984,10.9300003052,-21.9799995422,5.2100000381,153.2646179199,1.3987966776,0.0810437799,0.0071906336,0.0,0,0,1,0.0267736558
543531,0.0526000001,10.4099998474,-20.7099990845,2.8800001144,142.3636474609,1.7979581356,0.1129495502,0.0110419877,0.5,0,0,1,0.101312764
543553,0.054779999,10.3500003815,-20.5200004578,3.4900000095,99.3006210327,1.6275744438,0.2618561089,0.0140057383,0.5,0,0,1,0.2527663708
548835,0.0788500011,10.8100004196,-21.6299991608,3.4100000858,199.4700164795,1.9503275156,0.043815922,0.0088870265,0.5,0,0,1,0.0708210766
549070,0.052170001,10.0699996948,-19.8299999237,0.9900000095,128.6237487793,2.2987661362,,,0.5,0,0,1,0.0058484124
549296,0.052170001,10.9499998093,-21.8999996185,5.0,183.1146697998,1.3320322037,0.067800276,0.0053750779,0.0,0,0,1,0.054744225
551505,0.0562699996,11.3400001526,-22.7299995422,7.5100002289,279.4266357422,2.2859477997,0.3065285087,0.0045788195,0.5,0,0,1,0.3317097127
551619,0.0562699996,10.1899995804,-20.0900001526,1.1499999762,135.5598144531,2.1185891628,,,0.0,0,0,1,0.0839577168
559250,0.0921700001,10.9600000381,-21.9799995422,4.3899998665,151.4589996338,3.9630322456,0.1793452352,0.0160687976,0.5,0,0,1,0.0554436333
559490,0.0474399999,10.2899999619,-20.4799995422,2.7000000477,87.7710647583,1.355384469,0.0934495851,0.0124149229,0.0,0,0,1,0.0601795055
560982,0.0505300015,10.3100004196,-20.5,1.4500000477,176.5602111816,1.7383131981,,,0.5,0,0,1,0.153344661
570203,0.0426100008,10.779999733,-21.5599994659,5.3200001717,209.6997833252,1.6880084276,0.0991390944,0.0056636739,0.5,0,0,1,0.1041929871
574423,0.0535999984,10.7399997711,-21.4099998474,4.3800001144,174.9735107422,1.4481098652,0.1618922353,0.0064518042,0.5,0,0,1,0.1790156811
575339,0.0575900003,10.4099998474,-20.7399997711,1.6599999666,85.8895950317,1.4190829992,,,0.0,0,0,1,0.0529357158
583723,0.0932400003,11.1999998093,-22.5900001526,7.0999999046,234.5438842773,4.7173318863,0.0708669871,0.0104385633,0.0,0,0,1,0.0647408441
585196,0.0923200026,10.5500001907,-21.0200004578,1.9800000191,139.7058258057,2.4827122688,,,0.5,0,0,1,0.1521242857
585215,0.0927800015,11.029999733,-22.1000003815,3.0999999046,214.4275665283,2.1315670013,0.0619354956,0.0085695647,0.0,0,0,1,0.0527944192
594946,0.0439000018,9.8800001144,-19.3400001526,2.5299999714,71.9592895508,2.8807661533,0.3330791593,0.03193013,0.5,0,0,1,0.2216117382
599834,0.052099999,11.2100000381,-22.6299991608,5.9600000381,223.4321899414,1.4407627583,0.0721065998,0.0050820652,0.0,0,0,1,0.1077164784
599838,0.0409100018,11.1499996185,-22.4500007629,5.6300001144,200.9032440186,0.7599849701,0.0451697111,0.0033432809,0.0,0,0,1,0.1140724942
600743,0.0696500018,10.9600000381,-21.9799995422,3.2000000477,204.8700714111,1.603884697,0.1051105857,0.0059326612,0.5,0,0,1,0.2138151675
600882,0.0541899987,10.279999733,-20.3899993896,1.3999999762,124.8530731201,1.6039514542,,,0.5,0,0,1,0.1155969948
600973,0.0540300012,10.3800001144,-20.8299999237,2.0999999046,138.9214172363,1.4082698822,0.0936193317,0.0094420118,0.5,0,0,1,0.2117625326
601283,0.0563100018,10.1700000763,-20.2199993134,5.4200000763,146.0278625488,4.1600832939,0.089980714,0.0215196628,0.0,0,0,1,0.0975263566
618151,0.0503300019,10.5200004578,-20.9300003052,2.2599999905,148.3534393311,1.2675493956,0.1433467567,0.0078255665,0.0,0,0,1,0.0686385855
618912,0.055780001,10.3400001526,-20.4300003052,2.4900000095,123.1965179443,1.5579314232,0.1752296835,0.0129295327,0.5,0,0,1,0.101473175
618929,0.0557599999,11.3299999237,-22.8099994659,4.3499999046,303.8958435059,1.9043943882,0.1230653524,0.0035397357,0.0,0,0,1,0.0314656384
618931,0.0537599996,10.1800003052,-20.0599994659,1.3500000238,99.3835678101,2.6987259388,0.1589864194,0.0204706322,0.0,0,0,1,0.1235542297
618942,0.055780001,10.5600004196,-21.0400009155,3.5799999237,118.5054626465,1.4759191275,0.2323153019,0.0097214589,0.0,0,0,1,0.0302140303
618947,0.0559200011,10.5900001526,-21.0400009155,2.2899999619,154.5574798584,1.45969069,0.1630513966,0.009242042,0.5,0,0,1,0.0385248736
619258,0.0571100004,10.0699996948,-19.8999996185,1.6100000143,154.2944488525,2.1495027542,,,0.0,0,0,1,0.1170713678
622350,0.0873299986,11.1000003815,-22.2900009155,4.8899998665,204.2010955811,2.767676115,0.0762694478,0.0108435871,0.0,0,0,1,0.053513661
623017,0.0699599981,10.8500003815,-21.7099990845,4.6500000954,164.3748626709,2.5956158638,0.2858490944,0.0101096937,0.5,0,0,1,0.0348348357
663440,0.0230700001,9.9499998093,-19.7900009155,2.3599998951,78.8839645386,0.9526663423,0.0614479743,0.008364887,0.5,0,0,1,0.1182412058
